{"loss": [0.0037384401075541973, 0.0011499894317239523, 0.0010187672451138496, 0.0009299757657572627, 0.0008808015845716, 0.0008104763692244887, 0.0008327157702296972, 0.000770654296502471, 0.0007507855189032853, 0.000759167829528451, 0.0007360645104199648, 0.0007048659608699381, 0.000684766739141196, 0.0006565533694811165, 0.0006595247541554272, 0.0006576094310730696, 0.0006534507847391069, 0.0006890295189805329, 0.0006069997325539589, 0.0006572458078153431, 0.0006799932452850044, 0.0005783390370197594, 0.0006469188956543803, 0.0006726126885041595], "mean_absolute_error": [0.033816661685705185, 0.020707868039608, 0.019650861620903015, 0.01892678253352642, 0.018538380041718483, 0.018163206055760384, 0.01816735975444317, 0.01778462715446949, 0.0176437608897686, 0.017589392140507698, 0.0174885131418705, 0.017281576991081238, 0.017206061631441116, 0.016972636803984642, 0.016962027177214622, 0.016920574009418488, 0.016869882121682167, 0.016965609043836594, 0.016614368185400963, 0.01673114486038685, 0.016824286431074142, 0.0164070725440979, 0.01662563532590866, 0.01666201278567314], "val_loss": [0.0010771139059215784, 0.0008890421013347805, 0.0011151536600664258, 0.0008276650914922357, 0.0007059389026835561, 0.0006259360234253109, 0.0007393442210741341, 0.0006641186191700399, 0.000607844500336796, 0.0009154503350146115, 0.0006068964721634984, 0.0009753345511853695, 0.0006513902335427701, 0.0006268604192882776, 0.0006066997302696109, 0.0008274214342236519, 0.0006044584442861378, 0.002360201207920909, 0.0005947769386693835, 0.0006200791685841978, 0.000625809479970485, 0.0006448293570429087, 0.0006042697350494564, 0.0006276590866036713], "val_mean_absolute_error": [0.02089126594364643, 0.01882120408117771, 0.02022339403629303, 0.018374662846326828, 0.018006106838583946, 0.017292125150561333, 0.019500363618135452, 0.018618347123265266, 0.016595523804426193, 0.01912938617169857, 0.017093541100621223, 0.018892312422394753, 0.016820499673485756, 0.017783641815185547, 0.017407868057489395, 0.018229855224490166, 0.017279600724577904, 0.020249633118510246, 0.016368318349123, 0.01694679632782936, 0.017314650118350983, 0.017818449065089226, 0.016743212938308716, 0.017241163179278374]}