{"loss": [0.008821435272693634, 0.004616005811840296, 0.00403569033369422, 0.003731704317033291, 0.003565102582797408, 0.003438504645600915, 0.0033755621407181025, 0.003312964690849185, 0.003236520104110241, 0.003236500546336174, 0.0031479927711188793, 0.0031571206636726856, 0.003139827400445938, 0.0031116167083382607, 0.0030663672368973494, 0.00303756189532578, 0.0030572901014238596, 0.003010235959663987, 0.00301759853027761, 0.002994243521243334, 0.002989209024235606, 0.00296582980081439, 0.002976293908432126, 0.002918530022725463], "mean_absolute_error": [0.04662714898586273, 0.03113142028450966, 0.028376519680023193, 0.026884734630584717, 0.026090843603014946, 0.02537422440946102, 0.024976875633001328, 0.02461998723447323, 0.024292875081300735, 0.02411785162985325, 0.023718010634183884, 0.02367926761507988, 0.02366195060312748, 0.023428210988640785, 0.023302370682358742, 0.023075280711054802, 0.023162048310041428, 0.022965075448155403, 0.02295752428472042, 0.022881845012307167, 0.022810103371739388, 0.022686809301376343, 0.022771839052438736, 0.022458987310528755], "val_loss": [0.005437664221972227, 0.004760030657052994, 0.003858372801914811, 0.0036654267460107803, 0.003808526787906885, 0.0046159387566149235, 0.0036483665462583303, 0.004320419393479824, 0.0035339458845555782, 0.0035826279781758785, 0.003672335296869278, 0.0034653879702091217, 0.0034436574205756187, 0.0033628474920988083, 0.003891365835443139, 0.003532976610586047, 0.0034813680686056614, 0.003908130340278149, 0.00339626707136631, 0.0037809517234563828, 0.0034930987749248743, 0.0046644313260912895, 0.003166713286191225, 0.0033235258888453245], "val_mean_absolute_error": [0.03439207002520561, 0.03171706199645996, 0.030143029987812042, 0.02826921083033085, 0.028915897011756897, 0.028756871819496155, 0.027369631454348564, 0.03064575232565403, 0.0263846255838871, 0.027799716219305992, 0.026662340387701988, 0.025867817923426628, 0.026553265750408173, 0.025247670710086823, 0.026583237573504448, 0.026370055973529816, 0.02715912088751793, 0.027283405885100365, 0.026738788932561874, 0.027230678126215935, 0.025870028883218765, 0.027129897847771645, 0.024314122274518013, 0.025696730241179466]}